Title,Price,Date
"iQOO Neo 10 (Titanium Chrome, 8GB RAM, 256GB Storage) | Snapdragon 8s Gen 4 Processor & SuperComputing Chip Q1 | 7000 mAh Battery | Segment’s Highest 144 FPS Gaming Smartphone","33,999
                                
                                 .",2025-07-06
"iQOO Neo 10 (Titanium Chrome, 8GB RAM, 256GB Storage) | Snapdragon 8s Gen 4 Processor & SuperComputing Chip Q1 | 7000 mAh Battery | Segment’s Highest 144 FPS Gaming Smartphone","33,999
                                
                                 .",2025-07-06
"
           iQOO Neo 10 (Titanium Chrome, 8GB RAM, 256GB Storage) | Snapdragon 8s Gen 4 Processor & SuperComputing Chip Q1 | 7000 mAh Battery | Segment’s Highest 144 FPS Gaming Smartphone
          ","
                                33,999
                                
                                 .
                                
",2025-07-06
